{"is_source_file": true, "format": "Python", "description": "This file implements a REST API for a chess game backend using FastAPI. It provides endpoints for health checks, retrieving game state, making moves, fetching move history, and restarting the game. The API interacts with an in-memory game engine and uses schema validation for request and response data.", "external_files": ["src.api.schemas", "src.chess.engine"], "external_methods": ["src.chess.engine.GAME.get_state", "src.chess.engine.GAME.apply_move", "src.chess.engine.GAME.get_history", "src.chess.engine.GAME.restart", "src.api.schemas.GameStateSchema.model_validate", "src.api.schemas.MoveResponseSchema", "src.api.schemas.HistoryResponseSchema", "src.api.schemas.RestartResponseSchema"], "published": ["/home/kavia/workspace/code-generation/online-chess-platform-214284-214293/chess_backend/src/api/main.py"], "classes": [{"name": "GameStateSchema", "description": "Schema representing the current state of the chess game, including board configuration, current turn, and game status."}, {"name": "HistoryResponseSchema", "description": "Schema representing the move history response, including a list of move records."}, {"name": "MoveRequestSchema", "description": "Schema representing a move request with source and destination squares and optional promotion piece."}, {"name": "MoveResponseSchema", "description": "Schema representing the response after a move, including updated game state and last move details."}, {"name": "RestartResponseSchema", "description": "Schema representing the response after restarting the game, including reset state and move history."}], "methods": [{"name": "dict health_check()", "description": "Endpoint for health checking the backend service.", "scope": "", "scopeKind": ""}, {"name": "GameStateSchema get_state()", "description": "Endpoint to retrieve the current game state.", "scope": "", "scopeKind": ""}, {"name": "MoveResponseSchema post_move(payload: MoveRequestSchema)", "description": "Endpoint to apply a move to the game, validating legality and updating game state.", "scope": "", "scopeKind": ""}, {"name": "HistoryResponseSchema get_history()", "description": "Endpoint to fetch the move history.", "scope": "", "scopeKind": ""}, {"name": "RestartResponseSchema post_restart()", "description": "Endpoint to restart the game, resetting state and move history.", "scope": "", "scopeKind": ""}], "calls": ["GAME.get_state", "GAME.apply_move", "GAME.get_history", "GAME.restart", "GameStateSchema.model_validate", "MoveResponseSchema", "HistoryResponseSchema", "RestartResponseSchema"], "search-terms": ["FastAPI", "chess backend", "in-memory game", "move endpoint", "game state", "move history", "restart game", "health check"], "state": 2, "file_id": 2, "knowledge_revision": 14, "git_revision": "0f4312f80ebf8e5456e0d81ee081cf97c99dee53", "revision_history": [{"8": "a23ab62aea5d41cbaf2a4baa4342cba27530dcd7"}, {"14": "0f4312f80ebf8e5456e0d81ee081cf97c99dee53"}], "ctags": [{"_type": "tag", "name": "app", "path": "/home/kavia/workspace/code-generation/online-chess-platform-214284-214293/chess_backend/src/api/main.py", "pattern": "/^app = FastAPI($/", "language": "Python", "kind": "variable"}, {"_type": "tag", "name": "get_history", "path": "/home/kavia/workspace/code-generation/online-chess-platform-214284-214293/chess_backend/src/api/main.py", "pattern": "/^def get_history() -> HistoryResponseSchema:$/", "language": "Python", "typeref": "typename:HistoryResponseSchema", "kind": "function", "signature": "()"}, {"_type": "tag", "name": "get_state", "path": "/home/kavia/workspace/code-generation/online-chess-platform-214284-214293/chess_backend/src/api/main.py", "pattern": "/^def get_state() -> GameStateSchema:$/", "language": "Python", "typeref": "typename:GameStateSchema", "kind": "function", "signature": "()"}, {"_type": "tag", "name": "health_check", "path": "/home/kavia/workspace/code-generation/online-chess-platform-214284-214293/chess_backend/src/api/main.py", "pattern": "/^def health_check() -> dict:$/", "language": "Python", "typeref": "typename:dict", "kind": "function", "signature": "()"}, {"_type": "tag", "name": "openapi_tags", "path": "/home/kavia/workspace/code-generation/online-chess-platform-214284-214293/chess_backend/src/api/main.py", "pattern": "/^openapi_tags = [$/", "language": "Python", "kind": "variable"}, {"_type": "tag", "name": "post_move", "path": "/home/kavia/workspace/code-generation/online-chess-platform-214284-214293/chess_backend/src/api/main.py", "pattern": "/^def post_move(payload: MoveRequestSchema) -> MoveResponseSchema:$/", "language": "Python", "typeref": "typename:MoveResponseSchema", "kind": "function", "signature": "(payload: MoveRequestSchema)"}, {"_type": "tag", "name": "post_restart", "path": "/home/kavia/workspace/code-generation/online-chess-platform-214284-214293/chess_backend/src/api/main.py", "pattern": "/^def post_restart() -> RestartResponseSchema:$/", "language": "Python", "typeref": "typename:RestartResponseSchema", "kind": "function", "signature": "()"}], "hash": "e88aab6eda21fbc9a07479f082e15d47", "format-version": 4, "code-base-name": "chess_backend", "filename": "chess_backend/src/api/main.py", "fields": [{"name": "app = FastAPI(", "scope": "", "scopeKind": "", "description": "unavailable"}, {"name": "openapi_tags = [", "scope": "", "scopeKind": "", "description": "unavailable"}]}