{"is_source_file": true, "format": "Python", "description": "This file is a Python source file that appears to be the initializer for the 'chess' package within the project, providing a module-level docstring indicating its purpose related to the Chess domain, engine, and helpers.", "external_files": [], "external_methods": [], "published": [], "classes": [], "methods": [], "calls": [], "search-terms": ["chess", "init", "package", "engine", "helpers"], "state": 2, "file_id": 7, "knowledge_revision": 16, "git_revision": "0f4312f80ebf8e5456e0d81ee081cf97c99dee53", "ctags": [], "hash": "d2bf07a37b834479aff62926752ba681", "format-version": 4, "code-base-name": "chess_backend", "filename": "chess_backend/src/chess/__init__.py", "revision_history": [{"16": "0f4312f80ebf8e5456e0d81ee081cf97c99dee53"}]}