{"is_source_file": true, "format": "Python", "description": "This file is a FastAPI application setup for the backend API of an online chess platform. It initializes the FastAPI app, adds CORS middleware, and defines a health check endpoint.", "external_files": ["fastapi", "fastapi.middleware.cors"], "external_methods": ["fastapi.FastAPI", "fastapi.middleware.cors.CORSMiddleware", "app.add_middleware", "app.get"], "published": ["app"], "classes": [], "methods": [{"name": "health_check()", "description": "A simple GET endpoint that returns a health status message indicating the server is operational.", "scope": "", "scopeKind": ""}], "calls": ["CORSMiddleware", "app.add_middleware", "app.get"], "search-terms": ["FastAPI", "CORS middleware", "health check endpoint", "main.py"], "state": 2, "file_id": 2, "knowledge_revision": 8, "git_revision": "a23ab62aea5d41cbaf2a4baa4342cba27530dcd7", "ctags": [{"_type": "tag", "name": "app", "path": "/home/kavia/workspace/code-generation/online-chess-platform-214284-214293/chess_backend/src/api/main.py", "pattern": "/^app = FastAPI()$/", "language": "Python", "kind": "variable"}, {"_type": "tag", "name": "health_check", "path": "/home/kavia/workspace/code-generation/online-chess-platform-214284-214293/chess_backend/src/api/main.py", "pattern": "/^def health_check():$/", "language": "Python", "kind": "function", "signature": "()"}], "hash": "58352bf5f133908bab16643199aa483d", "format-version": 4, "code-base-name": "chess_backend", "filename": "chess_backend/src/api/main.py", "fields": [{"name": "app = FastAPI()", "scope": "", "scopeKind": "", "description": "unavailable"}], "revision_history": [{"8": "a23ab62aea5d41cbaf2a4baa4342cba27530dcd7"}]}