{"is_source_file": true, "format": "Python", "description": "This file generates and saves the OpenAPI schema for the API application. It imports the main application object, retrieves its OpenAPI schema, and writes it to a JSON file within an 'interfaces' directory.", "external_files": ["src/api/main.py"], "external_methods": ["app.openapi()"], "published": [], "classes": [], "methods": [{"name": "app.openapi", "description": "Method to generate the OpenAPI schema for the API application."}], "calls": ["app.openapi()", "os.makedirs", "os.path.join", "json.dump"], "search-terms": ["generate_openapi", "openapi_schema", "write openapi.json", "app.openapi()", "interfaces"], "state": 2, "file_id": 3, "knowledge_revision": 9, "git_revision": "a23ab62aea5d41cbaf2a4baa4342cba27530dcd7", "ctags": [{"_type": "tag", "name": "openapi_schema", "path": "/home/kavia/workspace/code-generation/online-chess-platform-214284-214293/chess_backend/src/api/generate_openapi.py", "pattern": "/^openapi_schema = app.openapi()$/", "language": "Python", "kind": "variable"}, {"_type": "tag", "name": "output_dir", "path": "/home/kavia/workspace/code-generation/online-chess-platform-214284-214293/chess_backend/src/api/generate_openapi.py", "pattern": "/^output_dir = \"interfaces\"$/", "language": "Python", "kind": "variable"}, {"_type": "tag", "name": "output_path", "path": "/home/kavia/workspace/code-generation/online-chess-platform-214284-214293/chess_backend/src/api/generate_openapi.py", "pattern": "/^output_path = os.path.join(output_dir, \"openapi.json\")$/", "language": "Python", "kind": "variable"}], "hash": "61e3715e79bc397fab3e70f503a41417", "format-version": 4, "code-base-name": "chess_backend", "filename": "chess_backend/src/api/generate_openapi.py", "fields": [{"name": "openapi_schema = app.openapi()", "scope": "", "scopeKind": "", "description": "unavailable"}, {"name": "output_dir = \"interfaces\"", "scope": "", "scopeKind": "", "description": "unavailable"}, {"name": "output_path = os.path.join(output_dir, \"openapi.json\")", "scope": "", "scopeKind": "", "description": "unavailable"}], "revision_history": [{"9": "a23ab62aea5d41cbaf2a4baa4342cba27530dcd7"}]}