{"is_source_file": true, "format": "Python", "description": "This file defines Pydantic schemas for a chess REST API, including data structures for pieces, board states, moves, and game status.", "external_files": ["pydantic"], "external_methods": [], "published": ["Color", "PieceType", "GameStatus", "PieceSchema", "BoardItemSchema", "GameStateSchema", "MoveRequestSchema", "MoveHistoryItemSchema", "MoveResponseSchema", "HistoryResponseSchema", "RestartResponseSchema"], "classes": [{"name": "PieceSchema", "description": "A chess piece with type and color."}, {"name": "BoardItemSchema", "description": "Representation of an occupied board square with position and piece."}, {"name": "GameStateSchema", "description": "Represents the current state of the game including board, turn, and status."}, {"name": "MoveRequestSchema", "description": "Schema for requesting a move, including from, to, and optional promotion."}, {"name": "MoveHistoryItemSchema", "description": "Details of a single move in the game history."}, {"name": "MoveResponseSchema", "description": "Response schema after successfully making a move, including updated game state and last move."}, {"name": "HistoryResponseSchema", "description": "Schema for the move history response."}, {"name": "RestartResponseSchema", "description": "Schema for game restart response, including reset game state and cleared history."}], "methods": [], "calls": [], "search-terms": ["pydantic schemas", "chess API data models", "game state", "move request", "move history", "board item"], "state": 2, "file_id": 6, "knowledge_revision": 13, "git_revision": "", "ctags": [{"_type": "tag", "name": "BoardItemSchema", "path": "/home/kavia/workspace/code-generation/online-chess-platform-214284-214293/chess_backend/src/api/schemas.py", "pattern": "/^class BoardItemSchema(BaseModel):$/", "language": "Python", "kind": "class"}, {"_type": "tag", "name": "Color", "path": "/home/kavia/workspace/code-generation/online-chess-platform-214284-214293/chess_backend/src/api/schemas.py", "pattern": "/^Color = Literal[\"white\", \"black\"]$/", "language": "Python", "kind": "variable"}, {"_type": "tag", "name": "Config", "path": "/home/kavia/workspace/code-generation/online-chess-platform-214284-214293/chess_backend/src/api/schemas.py", "pattern": "/^    class Config:$/", "language": "Python", "kind": "class", "scope": "MoveHistoryItemSchema", "scopeKind": "class"}, {"_type": "tag", "name": "Config", "path": "/home/kavia/workspace/code-generation/online-chess-platform-214284-214293/chess_backend/src/api/schemas.py", "pattern": "/^    class Config:$/", "language": "Python", "kind": "class", "scope": "MoveRequestSchema", "scopeKind": "class"}, {"_type": "tag", "name": "GameStateSchema", "path": "/home/kavia/workspace/code-generation/online-chess-platform-214284-214293/chess_backend/src/api/schemas.py", "pattern": "/^class GameStateSchema(BaseModel):$/", "language": "Python", "kind": "class"}, {"_type": "tag", "name": "GameStatus", "path": "/home/kavia/workspace/code-generation/online-chess-platform-214284-214293/chess_backend/src/api/schemas.py", "pattern": "/^GameStatus = Literal[\"in_progress\"]$/", "language": "Python", "kind": "variable"}, {"_type": "tag", "name": "HistoryResponseSchema", "path": "/home/kavia/workspace/code-generation/online-chess-platform-214284-214293/chess_backend/src/api/schemas.py", "pattern": "/^class HistoryResponseSchema(BaseModel):$/", "language": "Python", "kind": "class"}, {"_type": "tag", "name": "MoveHistoryItemSchema", "path": "/home/kavia/workspace/code-generation/online-chess-platform-214284-214293/chess_backend/src/api/schemas.py", "pattern": "/^class MoveHistoryItemSchema(BaseModel):$/", "language": "Python", "kind": "class"}, {"_type": "tag", "name": "MoveRequestSchema", "path": "/home/kavia/workspace/code-generation/online-chess-platform-214284-214293/chess_backend/src/api/schemas.py", "pattern": "/^class MoveRequestSchema(BaseModel):$/", "language": "Python", "kind": "class"}, {"_type": "tag", "name": "MoveResponseSchema", "path": "/home/kavia/workspace/code-generation/online-chess-platform-214284-214293/chess_backend/src/api/schemas.py", "pattern": "/^class MoveResponseSchema(BaseModel):$/", "language": "Python", "kind": "class"}, {"_type": "tag", "name": "PieceSchema", "path": "/home/kavia/workspace/code-generation/online-chess-platform-214284-214293/chess_backend/src/api/schemas.py", "pattern": "/^class PieceSchema(BaseModel):$/", "language": "Python", "kind": "class"}, {"_type": "tag", "name": "PieceType", "path": "/home/kavia/workspace/code-generation/online-chess-platform-214284-214293/chess_backend/src/api/schemas.py", "pattern": "/^PieceType = Literal[\"pawn\", \"rook\", \"knight\", \"bishop\", \"queen\", \"king\"]$/", "language": "Python", "kind": "variable"}, {"_type": "tag", "name": "RestartResponseSchema", "path": "/home/kavia/workspace/code-generation/online-chess-platform-214284-214293/chess_backend/src/api/schemas.py", "pattern": "/^class RestartResponseSchema(BaseModel):$/", "language": "Python", "kind": "class"}, {"_type": "tag", "name": "board", "path": "/home/kavia/workspace/code-generation/online-chess-platform-214284-214293/chess_backend/src/api/schemas.py", "pattern": "/^    board: List[BoardItemSchema] = Field($/", "language": "Python", "typeref": "typename:List[BoardItemSchema]", "kind": "variable", "scope": "GameStateSchema", "scopeKind": "class"}, {"_type": "tag", "name": "capture", "path": "/home/kavia/workspace/code-generation/online-chess-platform-214284-214293/chess_backend/src/api/schemas.py", "pattern": "/^    capture: bool = Field(..., description=\"Whether the move captured a piece.\")$/", "language": "Python", "typeref": "typename:bool", "kind": "variable", "scope": "MoveHistoryItemSchema", "scopeKind": "class"}, {"_type": "tag", "name": "color", "path": "/home/kavia/workspace/code-generation/online-chess-platform-214284-214293/chess_backend/src/api/schemas.py", "pattern": "/^    color: Color = Field(..., description=\"Mover color.\")$/", "language": "Python", "typeref": "typename:Color", "kind": "variable", "scope": "MoveHistoryItemSchema", "scopeKind": "class"}, {"_type": "tag", "name": "color", "path": "/home/kavia/workspace/code-generation/online-chess-platform-214284-214293/chess_backend/src/api/schemas.py", "pattern": "/^    color: Color = Field(..., description=\"Piece color.\")$/", "language": "Python", "typeref": "typename:Color", "kind": "variable", "scope": "PieceSchema", "scopeKind": "class"}, {"_type": "tag", "name": "current_turn", "path": "/home/kavia/workspace/code-generation/online-chess-platform-214284-214293/chess_backend/src/api/schemas.py", "pattern": "/^    current_turn: Color = Field(..., description=\"Whose turn it is to move.\")$/", "language": "Python", "typeref": "typename:Color", "kind": "variable", "scope": "GameStateSchema", "scopeKind": "class"}, {"_type": "tag", "name": "from_", "path": "/home/kavia/workspace/code-generation/online-chess-platform-214284-214293/chess_backend/src/api/schemas.py", "pattern": "/^    from_: str = Field(..., alias=\"from\", description=\"From square in algebraic form, e.g. 'e2'./", "language": "Python", "typeref": "typename:str", "kind": "variable", "scope": "MoveRequestSchema", "scopeKind": "class"}, {"_type": "tag", "name": "from_", "path": "/home/kavia/workspace/code-generation/online-chess-platform-214284-214293/chess_backend/src/api/schemas.py", "pattern": "/^    from_: str = Field(..., alias=\"from\", description=\"From square.\")$/", "language": "Python", "typeref": "typename:str", "kind": "variable", "scope": "MoveHistoryItemSchema", "scopeKind": "class"}, {"_type": "tag", "name": "game_status", "path": "/home/kavia/workspace/code-generation/online-chess-platform-214284-214293/chess_backend/src/api/schemas.py", "pattern": "/^    game_status: GameStatus = Field(..., description=\"Game status (MVP: only 'in_progress').\")$/", "language": "Python", "typeref": "typename:GameStatus", "kind": "variable", "scope": "GameStateSchema", "scopeKind": "class"}, {"_type": "tag", "name": "history", "path": "/home/kavia/workspace/code-generation/online-chess-platform-214284-214293/chess_backend/src/api/schemas.py", "pattern": "/^    history: List[MoveHistoryItemSchema] = Field(..., description=\"Chronological move list.\")$/", "language": "Python", "typeref": "typename:List[MoveHistoryItemSchema]", "kind": "variable", "scope": "HistoryResponseSchema", "scopeKind": "class"}, {"_type": "tag", "name": "history", "path": "/home/kavia/workspace/code-generation/online-chess-platform-214284-214293/chess_backend/src/api/schemas.py", "pattern": "/^    history: List[MoveHistoryItemSchema] = Field(..., description=\"Cleared history (empty list)./", "language": "Python", "typeref": "typename:List[MoveHistoryItemSchema]", "kind": "variable", "scope": "RestartResponseSchema", "scopeKind": "class"}, {"_type": "tag", "name": "last_move", "path": "/home/kavia/workspace/code-generation/online-chess-platform-214284-214293/chess_backend/src/api/schemas.py", "pattern": "/^    last_move: MoveHistoryItemSchema = Field(..., description=\"The move that was just applied.\")$/", "language": "Python", "typeref": "typename:MoveHistoryItemSchema", "kind": "variable", "scope": "MoveResponseSchema", "scopeKind": "class"}, {"_type": "tag", "name": "moveNumber", "path": "/home/kavia/workspace/code-generation/online-chess-platform-214284-214293/chess_backend/src/api/schemas.py", "pattern": "/^    moveNumber: int = Field(..., description=\"Full move number (increments after black move).\")$/", "language": "Python", "typeref": "typename:int", "kind": "variable", "scope": "MoveHistoryItemSchema", "scopeKind": "class"}, {"_type": "tag", "name": "piece", "path": "/home/kavia/workspace/code-generation/online-chess-platform-214284-214293/chess_backend/src/api/schemas.py", "pattern": "/^    piece: PieceSchema = Field(..., description=\"Piece at that square.\")$/", "language": "Python", "typeref": "typename:PieceSchema", "kind": "variable", "scope": "BoardItemSchema", "scopeKind": "class"}, {"_type": "tag", "name": "piece", "path": "/home/kavia/workspace/code-generation/online-chess-platform-214284-214293/chess_backend/src/api/schemas.py", "pattern": "/^    piece: PieceSchema = Field(..., description=\"The moved piece type and color (pre-promotion p/", "language": "Python", "typeref": "typename:PieceSchema", "kind": "variable", "scope": "MoveHistoryItemSchema", "scopeKind": "class"}, {"_type": "tag", "name": "populate_by_name", "path": "/home/kavia/workspace/code-generation/online-chess-platform-214284-214293/chess_backend/src/api/schemas.py", "pattern": "/^        populate_by_name = True$/", "language": "Python", "kind": "variable", "scope": "MoveHistoryItemSchema.Config", "scopeKind": "class"}, {"_type": "tag", "name": "populate_by_name", "path": "/home/kavia/workspace/code-generation/online-chess-platform-214284-214293/chess_backend/src/api/schemas.py", "pattern": "/^        populate_by_name = True$/", "language": "Python", "kind": "variable", "scope": "MoveRequestSchema.Config", "scopeKind": "class"}, {"_type": "tag", "name": "position", "path": "/home/kavia/workspace/code-generation/online-chess-platform-214284-214293/chess_backend/src/api/schemas.py", "pattern": "/^    position: str = Field(..., description=\"Algebraic coordinate, e.g. 'e2'.\")$/", "language": "Python", "typeref": "typename:str", "kind": "variable", "scope": "BoardItemSchema", "scopeKind": "class"}, {"_type": "tag", "name": "promotion", "path": "/home/kavia/workspace/code-generation/online-chess-platform-214284-214293/chess_backend/src/api/schemas.py", "pattern": "/^    promotion: Optional[str] = Field($/", "language": "Python", "typeref": "typename:Optional[str]", "kind": "variable", "scope": "MoveRequestSchema", "scopeKind": "class"}, {"_type": "tag", "name": "promotion", "path": "/home/kavia/workspace/code-generation/online-chess-platform-214284-214293/chess_backend/src/api/schemas.py", "pattern": "/^    promotion: Optional[str] = Field(None, description=\"Promotion code if pawn was promoted (q,r/", "language": "Python", "typeref": "typename:Optional[str]", "kind": "variable", "scope": "MoveHistoryItemSchema", "scopeKind": "class"}, {"_type": "tag", "name": "state", "path": "/home/kavia/workspace/code-generation/online-chess-platform-214284-214293/chess_backend/src/api/schemas.py", "pattern": "/^    state: GameStateSchema = Field(..., description=\"Reset game state.\")$/", "language": "Python", "typeref": "typename:GameStateSchema", "kind": "variable", "scope": "RestartResponseSchema", "scopeKind": "class"}, {"_type": "tag", "name": "state", "path": "/home/kavia/workspace/code-generation/online-chess-platform-214284-214293/chess_backend/src/api/schemas.py", "pattern": "/^    state: GameStateSchema = Field(..., description=\"Updated game state after move.\")$/", "language": "Python", "typeref": "typename:GameStateSchema", "kind": "variable", "scope": "MoveResponseSchema", "scopeKind": "class"}, {"_type": "tag", "name": "to", "path": "/home/kavia/workspace/code-generation/online-chess-platform-214284-214293/chess_backend/src/api/schemas.py", "pattern": "/^    to: str = Field(..., description=\"To square in algebraic form, e.g. 'e4'.\")$/", "language": "Python", "typeref": "typename:str", "kind": "variable", "scope": "MoveRequestSchema", "scopeKind": "class"}, {"_type": "tag", "name": "to", "path": "/home/kavia/workspace/code-generation/online-chess-platform-214284-214293/chess_backend/src/api/schemas.py", "pattern": "/^    to: str = Field(..., description=\"To square.\")$/", "language": "Python", "typeref": "typename:str", "kind": "variable", "scope": "MoveHistoryItemSchema", "scopeKind": "class"}, {"_type": "tag", "name": "type", "path": "/home/kavia/workspace/code-generation/online-chess-platform-214284-214293/chess_backend/src/api/schemas.py", "pattern": "/^    type: PieceType = Field(..., description=\"Piece type.\")$/", "language": "Python", "typeref": "typename:PieceType", "kind": "variable", "scope": "PieceSchema", "scopeKind": "class"}], "hash": "44c6c7269865e35e6f801e5683eb3747", "format-version": 4, "code-base-name": "chess_backend", "filename": "chess_backend/src/api/schemas.py", "fields": [{"name": "Color = Literal[\"white\", \"black\"]", "scope": "", "scopeKind": "", "description": "unavailable"}, {"name": "GameStatus = Literal[\"in_progress\"]", "scope": "", "scopeKind": "", "description": "unavailable"}, {"name": "PieceType = Literal[\"pawn\", \"rook\", \"knight\", \"bishop\", \"queen\", \"king\"]", "scope": "", "scopeKind": "", "description": "unavailable"}, {"name": "List[BoardItemSchema] board", "scope": "GameStateSchema", "scopeKind": "class", "description": "unavailable"}, {"name": "bool capture", "scope": "MoveHistoryItemSchema", "scopeKind": "class", "description": "unavailable"}, {"name": "Color color", "scope": "MoveHistoryItemSchema", "scopeKind": "class", "description": "unavailable"}, {"name": "Color current_turn", "scope": "GameStateSchema", "scopeKind": "class", "description": "unavailable"}, {"name": "str from_", "scope": "MoveRequestSchema", "scopeKind": "class", "description": "unavailable"}, {"name": "GameStatus game_status", "scope": "GameStateSchema", "scopeKind": "class", "description": "unavailable"}, {"name": "List[MoveHistoryItemSchema] history", "scope": "HistoryResponseSchema", "scopeKind": "class", "description": "unavailable"}, {"name": "MoveHistoryItemSchema last_move", "scope": "MoveResponseSchema", "scopeKind": "class", "description": "unavailable"}, {"name": "int moveNumber", "scope": "MoveHistoryItemSchema", "scopeKind": "class", "description": "unavailable"}, {"name": "PieceSchema piece", "scope": "BoardItemSchema", "scopeKind": "class", "description": "unavailable"}, {"name": "populate_by_name = True", "scope": "MoveHistoryItemSchema.Config", "scopeKind": "class", "description": "unavailable"}, {"name": "str position", "scope": "BoardItemSchema", "scopeKind": "class", "description": "unavailable"}, {"name": "Optional[str] promotion", "scope": "MoveRequestSchema", "scopeKind": "class", "description": "unavailable"}, {"name": "GameStateSchema state", "scope": "RestartResponseSchema", "scopeKind": "class", "description": "unavailable"}, {"name": "str to", "scope": "MoveRequestSchema", "scopeKind": "class", "description": "unavailable"}, {"name": "PieceType type", "scope": "PieceSchema", "scopeKind": "class", "description": "unavailable"}], "revision_history": [{"13": ""}]}